Неделя,reddit
2024-05-05,74
2024-05-12,74
2024-05-19,74
2024-05-26,74
2024-06-02,76
2024-06-09,79
2024-06-16,80
2024-06-23,78
2024-06-30,76
2024-07-07,78
2024-07-14,86
2024-07-21,82
2024-07-28,82
2024-08-04,81
2024-08-11,83
2024-08-18,80
2024-08-25,80
2024-09-01,82
2024-09-08,77
2024-09-15,81
2024-09-22,81
2024-09-29,78
2024-10-06,82
2024-10-13,82
2024-10-20,87
2024-10-27,83
2024-11-03,84
2024-11-10,87
2024-11-17,89
2024-11-24,89
2024-12-01,90
2024-12-08,88
2024-12-15,89
2024-12-22,93
2024-12-29,100
2025-01-05,92
2025-01-12,89
2025-01-19,90
2025-01-26,87
2025-02-02,87
2025-02-09,85
2025-02-16,88
2025-02-23,86
2025-03-02,87
2025-03-09,87
2025-03-16,84
2025-03-23,84
2025-03-30,85
2025-04-06,80
2025-04-13,84
2025-04-20,84
2025-04-27,83
2025-05-04,82
